response,evaluation_text,analysis
"""Welcome! Let's take a closer look at this fascinating print.

This is an etching titled ""Entry of the Prince of Saxony with his Wife into Dresden on September 2, 1719, after their Marriage in Vienna."" It was created sometime between 1700 and 1755. We can see from the title and the tags – horses, soldiers, men, and carriages – that it depicts a grand procession. Specifically, it shows a ceremonial entrance into Dresden, celebrating a royal marriage.

The artwork is a collaboration. The print was likely drawn by Adolf van der Laan (1684-1755), a Dutch artist, and Pieter Schenck II, who was born in 1693, served as the publisher. Van der Laan was from Amsterdam, which was a bustling hub of artistic production at the time.

The period it represents, the early 18th century, was a time of","## Evaluation

### STEP 1: Understand the Prompt and Identify the Artwork
The prompt provides detailed information about a print titled ""Entry of the Prince of Saxony with his Wife into Dresden on September 2, 1719, after their Marriage in Vienna,"" created around 1700-1755 by Adolf van der Laan and published by Pieter Schenck II. The prompt requests a concise explanation focusing on the artist's background, subject matter, historical significance, materials/techniques, size, and location.

### STEP 2: Read the AI-Generated Response
The AI response provides a starting explanation of the artwork, including its title, subject matter, and the artists involved. It also touches on the historical context and the artistic background of one of the artists. However, the response is incomplete and abruptly ends mid-sentence.

### STEP 3: Assess the Response Against Each Criterion

*   **Instruction Following:** The AI attempts to follow the instructions, addressing the artist's background, subject matter, and historical period, but it doesn't get through the materials/techniques, size, and location, likely due to the incomplete generation.
*   **Accuracy:** The information provided is accurate based on the data in the prompt.
*   **Artwork Focus/Relevance:** The explanation is directly relevant to the specified artwork.
*   **Analytical Depth:** The response starts to provide some historical context but doesn't delve deeply into the artwork's meaning or artistic techniques.
*   **Clarity and Cohesion:** The initial part of the explanation is clear and cohesive, but the abrupt ending disrupts the flow.
*   **Contextualization:** The response begins to contextualize the artwork by mentioning Amsterdam's artistic importance but doesn't fully develop this aspect.

### STEP 4: Determine the Overall Quality and Assign a Rating

Due to the response being incomplete and abruptly cut off, the overall quality is significantly diminished. While the initial part of the response is good and addresses several aspects of the prompt, the lack of a complete explanation and the omission of key details mentioned in the prompt (dimensions and repository) leads to a low rating.

**Rating: 2 (Bad)**

**Explanation:**

The response contains a significant issue as it is incomplete. It fails to fully address the instructions provided in the prompt and lacks essential information, such as the artwork's dimensions and repository.
","SUMMARY OF ISSUES:
- Incomplete response; the text abruptly ends mid-sentence.
- Fails to address all aspects of the prompt, specifically omitting information about materials/techniques, size, and location of the artwork.
- Lacks analytical depth beyond stating basic facts.

SPECIFIC EXAMPLES:
- ""The period it represents, the early 18th century, was a time of"" - Abrupt ending.
- The response mentions the artists' background and the subject matter, but does not discuss the materials and techniques used in creating the etching, the size of the print, or where it is currently located (repository).

IMPACT:
The incomplete response severely limits its usefulness and comprehensiveness. The abrupt ending leaves the user without a complete understanding of the artwork. Furthermore, the omission of key information, as specified in the prompt, renders the response unsatisfactory. This significantly lowers the overall quality and leads to a ""Bad"" rating.
"
"Good morning! Welcome to the Drawings and Prints section. Today, I'd like to draw your attention to this fascinating piece entitled ""Design for a Sofa Back Cover (?) with an Ornamental Frame Containing a Large Horizontal Garland of Flowers and Leaves with Musical Instruments and a Vase, Decorated with Acanthus Leaves and Two Fleurs de Lys.""

Unfortunately, the artist is currently listed as ""Anonymous, French, 19th century,"" so we don't have a specific name to associate with this work. We know they were working in France sometime between 1800 and 1900, designing objects such as this potential sofa back cover.

The object itself is dated between 1870 and 1900, giving us a window into the late 19th century, a period known for its opulent interiors and decorative arts. The title gives us a good idea of the subject matter. It’s a design, likely for a textile, meant to adorn","## Evaluation

### STEP 1: Understand the Prompt
The prompt requests an explanation of an artwork based on provided metadata. The artwork is a design drawing for a sofa back cover, created by an anonymous French artist in the late 19th century. The response should cover the artist's background, subject matter, historical significance, materials/techniques, size, and location.

### STEP 2: Read the AI-Generated Response
The AI provides an initial welcome and identifies the artwork. It notes the anonymous artist and the potential purpose of the design. The response is cut off at the end of the second paragraph.

### STEP 3: Assess the Response
*   **Instruction Following:** The response starts well, addressing the provided details. It successfully mentions the artist's anonymity, nationality, and date range, as well as the title and potential subject matter. However, because the response is cut off, it doesn't fully address all the instructions. It does not include the material and techniques used, its size or its location.
*   **Accuracy:** The information provided is accurate based on the prompt.
*   **Artwork Focus/Relevance:** The explanation focuses on the identified artwork.
*   **Analytical Depth:** The response starts to offer some context regarding the late 19th century and its decorative arts, but it's cut short.
*   **Clarity and Cohesion:** The explanation is clear and well-organized so far.
*   **Contextualization:** The response begins to contextualize the artwork within its historical period.

### STEP 4: Determine the Overall Quality and Assign a Rating
Due to the incomplete nature of the response, the rating is capped. While it correctly identifies the artwork and begins to address the instructions, it fails to deliver a complete explanation as requested.

**Rating: 2 (Bad)**

**Explanation:** The response is incomplete and fails to fully address the instructions due to being cut off. While the information presented is accurate and relevant, the lack of a complete explanation warrants a ""Bad"" rating.
","SUMMARY OF ISSUES:
- Incomplete response.
- Fails to address all aspects of the prompt (materials/techniques, size, location).
- Lacks depth in analysis and contextualization due to abrupt ending.

SPECIFIC EXAMPLES:
- ""The title gives us a good idea of the subject matter. It’s a design, likely for a textile, meant to adorn"" - This sentence is unfinished, indicating the response was cut off.
- The response mentions the ""anonymous, French, 19th century"" artist but does not explore potential reasons for anonymity within the art world during that period. It also fails to mention where the piece is currently located, the materials used, or the techniques employed to create it.
- The reference to ""opulent interiors and decorative arts"" is a good starting point for historical context, but it's not developed further because the response ends prematurely.

IMPACT:
The incomplete response significantly limits the overall quality. The failure to address all aspects of the prompt, especially regarding materials, size, and location, results in a superficial analysis. The lack of a complete explanation and deeper contextualization prevents the AI from demonstrating a thorough understanding of the artwork and its significance.
"
"Welcome! Let me draw your attention to this fascinating print titled ""Speculum Romanae Magnificentiae: Circus Flaminius.""

This engraving, created in 1553, gives us a glimpse into the grandeur of ancient Rome. It depicts the Circus Flaminius, a significant architectural landmark of the time, dedicated to public games and events. You can see that it's tagged with both ""Architecture"", ""Circus"" and ""Rome"", giving a good sense of what to expect from it.

The print is a collaborative effort. Nicolas Beatrizet, a French artist born in Lunéville in 1515, and active in Rome, is credited as an artist on this piece. His work is joined by Pirro Ligorio, an Italian artist from Naples, who also contributed to the work. Finally, Michele Tramezzino, an Italian publisher active in Venice and Rome, played a vital role in making this print available to a wider audience. This collaboration highlights the","## Evaluation

### STEP 1: Understand the Prompt
The prompt requests an explanation of the print ""Speculum Romanae Magnificentiae: Circus Flaminius,"" providing specific details about the artwork, artists, and its historical context. The AI is instructed to act as a tour guide and focus on artist background, subject matter, historical period, materials/techniques, size, and location.

### STEP 2: Read the AI-Generated Response
The AI-generated response provides an introduction to the print, identifies the Circus Flaminius as the subject, and mentions the artists involved. It also notes the medium and collaborative nature of the print. However, the response is incomplete as it cuts off mid-sentence.

### STEP 3: Assess the Response Against Each Criterion

*   **Instruction Following:** Partially follows instructions. It starts addressing the requested points but doesn't complete them due to the truncation.
*   **Accuracy:** The information provided is accurate based on the provided details.
*   **Artwork Focus/Relevance:** The explanation is relevant to the artwork identified in the prompt.
*   **Analytical Depth:** Lacks analytical depth due to the incomplete nature of the response.
*   **Clarity and Cohesion:** The beginning of the response is clear and cohesive, but it abruptly ends.
*   **Contextualization:** Touches upon contextualization by mentioning the grandeur of ancient Rome but doesn't fully develop this.

### STEP 4: Determine the Overall Quality and Assign a Rating

Given that the response is incomplete, it's difficult to give it a high rating. While the information presented is accurate and relevant, the lack of completion significantly hinders its overall quality. I will rate it a 2 (Bad) due to the significant issue of being incomplete. Had the response not been cut off, it would have likely scored higher.
","SUMMARY OF ISSUES:
- Incomplete response, cutting off mid-sentence.
- Lacks analytical depth due to incompleteness.
- Insufficient contextualization despite acknowledging the historical period.

SPECIFIC EXAMPLES:
- ""This collaboration highlights the"" - sentence abruptly ends, leaving the explanation unfinished.
- While it mentions ""grandeur of ancient Rome,"" the response doesn't elaborate on the historical context or significance of the Circus Flaminius within that period.

IMPACT:
The incomplete nature of the response is the most significant factor leading to the low rating. It prevents the AI from fully addressing the prompt's requirements regarding artist background, subject matter, historical period, materials/techniques, size, and location. The lack of completion makes it difficult to assess the AI's analytical depth and contextualization abilities. Because the response ends abruptly, the user is left with an unfinished thought.
"
